fips,id,fid,aez
1029,0,35471,12
1031,1,35471,12
1037,2,35471,12
1039,3,35471,12
1041,4,35471,12
1045,5,35471,12
1049,6,35471,12
1053,7,35471,12
1057,8,35471,12
1061,9,35471,12
1067,10,35471,12
1075,11,35471,12
1077,12,35471,12
1079,13,35471,12
1001,14,35471,12
1003,15,35471,12
1005,16,35471,12
1007,17,35471,12
1009,18,35471,12
1011,19,35471,12
1023,20,35471,12
1025,21,35471,12
1027,22,35471,12
1033,23,35471,12
1035,24,35471,12
1043,25,35471,12
1047,26,35471,12
1051,27,35471,12
1055,28,35471,12
1059,29,35471,12
1063,30,35471,12
1065,31,35471,12
1071,32,35471,12
1073,33,35471,12
1085,34,35471,12
1087,35,35471,12
1089,36,35471,12
1091,37,35471,12
1095,38,NA,NA
1097,39,35471,12
1099,40,35471,12
1107,41,35471,12
1109,42,35471,12
1113,43,35471,12
1115,44,35471,12
1117,45,35471,12
1119,46,35471,12
1121,47,35471,12
1129,48,35471,12
1131,49,35471,12
1013,50,35471,12
1015,51,35471,12
1017,52,35471,12
1019,53,NA,NA
1021,54,35471,12
1123,55,35471,12
1125,56,35471,12
1127,57,35471,12
1133,58,35471,12
1101,59,35471,12
1069,60,35471,12
1081,61,35471,12
1083,62,35471,12
1093,63,35471,12
1103,64,35471,12
1105,65,35471,12
1111,66,35471,12
4001,67,52705,7
4003,68,52705,7
4005,69,34227,8
4007,70,34227,8
4009,71,52705,7
4011,72,34227,8
4012,73,52705,7
4013,74,52705,7
4015,75,52705,7
4017,76,52705,7
4019,77,52705,7
4021,78,52705,7
4023,79,52705,7
4025,80,34227,8
4027,81,52705,7
5049,82,20325,10
5051,83,32217,11
5053,84,32217,11
5055,85,32217,11
5059,86,35471,12
5065,87,20325,10
5071,88,32217,11
5075,89,32217,11
5077,90,32217,11
5001,91,32217,11
5003,92,35471,12
5005,93,20325,10
5007,94,32217,11
5011,95,35471,12
5013,96,35471,12
5017,97,35471,12
5019,98,35471,12
5021,99,20325,10
5029,100,32217,11
5037,101,32217,11
5039,102,35471,12
5041,103,32217,11
5045,104,32217,11
5057,105,35471,12
5061,106,35471,12
5063,107,32217,11
5067,108,32217,11
5069,109,32217,11
5073,110,35471,12
5081,111,35471,12
5085,112,32217,11
5091,113,35471,12
5093,114,32217,11
5095,115,32217,11
5097,116,32217,11
5099,117,35471,12
5103,118,35471,12
5107,119,32217,11
5109,120,35471,12
5117,121,32217,11
5121,122,20325,10
5131,123,32217,11
5133,124,35471,12
5139,125,35471,12
5145,126,32217,11
5147,127,32217,11
5009,128,20325,10
5015,129,32217,11
5023,130,32217,11
5025,131,35471,12
5027,132,35471,12
5031,133,32217,11
5033,134,32217,11
5035,135,32217,11
5043,136,35471,12
5047,137,32217,11
5143,138,32217,11
5149,139,32217,11
5079,140,32217,11
5083,141,32217,11
5087,142,32217,11
5089,143,20325,10
5101,144,32217,11
5105,145,32217,11
5111,146,32217,11
5113,147,32217,11
5115,148,32217,11
5119,149,32217,11
5123,150,32217,11
5125,151,32217,11
5127,152,32217,11
5129,153,32217,11
5135,154,20325,10
5137,155,32217,11
5141,156,32217,11
6035,157,52705,7
6049,158,34227,8
6075,159,20325,10
6083,160,23449,9
6091,161,34227,8
6095,162,23449,9
6101,163,20325,10
6105,164,34227,8
6111,165,23449,9
6115,166,20325,10
6033,167,23449,9
6071,168,52705,7
6087,169,20325,10
6001,170,23449,9
6003,171,52705,7
6005,172,23449,9
6007,173,20325,10
6009,174,20325,10
6011,175,23449,9
6013,176,23449,9
6015,177,32217,11
6017,178,23449,9
6019,179,23449,9
6021,180,20325,10
6023,181,20325,10
6025,182,52705,7
6027,183,52705,7
6029,184,34227,8
6031,185,34227,8
6037,186,23449,9
6039,187,20325,10
6041,188,20325,10
6043,189,23449,9
6045,190,20325,10
6047,191,23449,9
6051,192,52705,7
6053,193,23449,9
6055,194,20325,10
6057,195,34227,8
6059,196,23449,9
6061,197,20325,10
6063,198,34227,8
6065,199,52705,7
6067,200,23449,9
6069,201,23449,9
6073,202,23449,9
6077,203,23449,9
6079,204,23449,9
6081,205,20325,10
6085,206,23449,9
6089,207,23449,9
6093,208,23449,9
6097,209,20325,10
6099,210,23449,9
6103,211,20325,10
6107,212,23449,9
6109,213,34227,8
6113,214,23449,9
8053,215,34227,8
8061,216,34227,8
8063,217,34227,8
8071,218,34227,8
8073,219,34227,8
8075,220,34227,8
8079,221,34227,8
8085,222,34227,8
8087,223,34227,8
8089,224,52705,7
8095,225,34227,8
8099,226,52705,7
8101,227,34227,8
8103,228,34227,8
8105,229,34227,8
8001,230,34227,8
8003,231,52705,7
8005,232,34227,8
8007,233,34227,8
8009,234,52705,7
8011,235,52705,7
8013,236,34227,8
8015,237,34227,8
8019,238,34227,8
8023,239,34227,8
8027,240,34227,8
8029,241,34227,8
8031,242,34227,8
8035,243,34227,8
8037,244,1215,14
8049,245,1215,14
8051,246,1215,14
8055,247,34227,8
8057,248,1215,14
8059,249,34227,8
8065,250,34227,8
8067,251,34227,8
8069,252,34227,8
8077,253,34227,8
8081,254,34227,8
8083,255,34227,8
8091,256,34227,8
8093,257,34227,8
8097,258,34227,8
8107,259,34227,8
8109,260,52705,7
8111,261,52705,7
8113,262,34227,8
8117,263,34227,8
8014,264,34227,8
8017,265,34227,8
8021,266,34227,8
8025,267,52705,7
8033,268,34227,8
8039,269,34227,8
8041,270,34227,8
8043,271,34227,8
8045,272,34227,8
8047,273,34227,8
8115,274,34227,8
8119,275,34227,8
8121,276,34227,8
8123,277,34227,8
8125,278,34227,8
9001,279,20325,10
9003,280,20325,10
9005,281,20325,10
9007,282,20325,10
9009,283,20325,10
9011,284,20325,10
9013,285,20325,10
9015,286,20325,10
10001,287,32217,11
10003,288,32217,11
10005,289,32217,11
11001,290,NA,NA
12013,291,35471,12
12015,292,20325,10
12019,293,35471,12
12021,294,20325,10
12027,295,20325,10
12035,296,35471,12
12067,297,35471,12
12081,298,32217,11
12085,299,32217,11
12087,300,110549,4
12091,301,35471,12
12099,302,32217,11
12105,303,32217,11
12107,304,35471,12
12109,305,35471,12
12111,306,32217,11
12043,307,20325,10
12049,308,32217,11
12051,309,20325,10
12053,310,35471,12
12059,311,35471,12
12061,312,32217,11
12001,313,35471,12
12003,314,35471,12
12005,315,35471,12
12007,316,35471,12
12009,317,35471,12
12011,318,109218,5
12029,319,35471,12
12031,320,35471,12
12033,321,35471,12
12037,322,35471,12
12039,323,35471,12
12041,324,35471,12
12045,325,35471,12
12047,326,35471,12
12055,327,20325,10
12057,328,35471,12
12063,329,35471,12
12065,330,35471,12
12069,331,35471,12
12071,332,20325,10
12073,333,35471,12
12077,334,35471,12
12079,335,35471,12
12083,336,35471,12
12086,337,109218,5
12089,338,35471,12
12093,339,32217,11
12095,340,35471,12
12097,341,35471,12
12101,342,35471,12
12103,343,NA,NA
12113,344,35471,12
12117,345,35471,12
12119,346,35471,12
12121,347,35471,12
12123,348,35471,12
12125,349,35471,12
12129,350,35471,12
12133,351,35471,12
12115,352,32217,11
12131,353,35471,12
12017,354,35471,12
12075,355,35471,12
12127,356,35471,12
12023,357,35471,12
13057,358,35471,12
13059,359,35471,12
13061,360,35471,12
13063,361,35471,12
13065,362,35471,12
13001,363,35471,12
13007,364,35471,12
13009,365,35471,12
13013,366,35471,12
13015,367,35471,12
13019,368,35471,12
13021,369,35471,12
13025,370,35471,12
13027,371,35471,12
13029,372,35471,12
13033,373,35471,12
13039,374,35471,12
13049,375,35471,12
13051,376,35471,12
13075,377,35471,12
13079,378,35471,12
13081,379,35471,12
13089,380,35471,12
13103,381,35471,12
13105,382,35471,12
13107,383,35471,12
13113,384,35471,12
13121,385,35471,12
13127,386,35471,12
13131,387,35471,12
13135,388,35471,12
13137,389,35471,12
13141,390,35471,12
13149,391,35471,12
13151,392,35471,12
13163,393,35471,12
13171,394,35471,12
13179,395,35471,12
13183,396,35471,12
13185,397,35471,12
13189,398,35471,12
13191,399,35471,12
13195,400,35471,12
13201,401,35471,12
13213,402,35471,12
13217,403,35471,12
13219,404,35471,12
13221,405,35471,12
13223,406,35471,12
13229,407,35471,12
13241,408,32217,11
13245,409,35471,12
13249,410,35471,12
13251,411,35471,12
13267,412,35471,12
13269,413,35471,12
13271,414,35471,12
13285,415,35471,12
13289,416,35471,12
13291,417,32217,11
13301,418,35471,12
13303,419,35471,12
13305,420,35471,12
13309,421,35471,12
13313,422,35471,12
13317,423,35471,12
13319,424,35471,12
13003,425,35471,12
13005,426,35471,12
13011,427,35471,12
13017,428,35471,12
13023,429,35471,12
13031,430,35471,12
13035,431,35471,12
13037,432,35471,12
13043,433,35471,12
13045,434,35471,12
13047,435,35471,12
13053,436,35471,12
13055,437,35471,12
13077,438,35471,12
13083,439,32217,11
13085,440,35471,12
13087,441,35471,12
13091,442,35471,12
13093,443,35471,12
13095,444,35471,12
13097,445,35471,12
13099,446,35471,12
13101,447,35471,12
13109,448,35471,12
13111,449,32217,11
13115,450,35471,12
13117,451,35471,12
13119,452,35471,12
13067,453,35471,12
13069,454,35471,12
13071,455,35471,12
13073,456,35471,12
13139,457,35471,12
13143,458,35471,12
13145,459,35471,12
13147,460,35471,12
13153,461,35471,12
13155,462,35471,12
13157,463,35471,12
13159,464,35471,12
13161,465,35471,12
13165,466,35471,12
13167,467,35471,12
13169,468,35471,12
13173,469,35471,12
13175,470,35471,12
13177,471,35471,12
13181,472,35471,12
13123,473,35471,12
13125,474,35471,12
13129,475,35471,12
13133,476,35471,12
13187,477,35471,12
13193,478,35471,12
13197,479,35471,12
13199,480,35471,12
13205,481,35471,12
13225,482,35471,12
13227,483,35471,12
13231,484,35471,12
13233,485,35471,12
13235,486,32217,11
13207,487,35471,12
13209,488,35471,12
13211,489,35471,12
13215,490,35471,12
13255,491,35471,12
13257,492,35471,12
13259,493,35471,12
13261,494,35471,12
13263,495,35471,12
13265,496,35471,12
13273,497,35471,12
13275,498,35471,12
13277,499,35471,12
13279,500,35471,12
13281,501,32217,11
13283,502,35471,12
13287,503,35471,12
13237,504,35471,12
13239,505,35471,12
13243,506,35471,12
13247,507,35471,12
13253,508,35471,12
13311,509,35471,12
13315,510,35471,12
13321,511,35471,12
13293,512,35471,12
13295,513,35471,12
13297,514,35471,12
13299,515,35471,12
13307,516,35471,12
16075,517,34227,8
16081,518,34227,8
16025,519,34227,8
16087,520,34227,8
16001,521,34227,8
16003,522,34227,8
16005,523,34227,8
16007,524,34227,8
16009,525,34227,8
16011,526,34227,8
16013,527,34227,8
16015,528,3,13
16021,529,1215,14
16023,530,34227,8
16029,531,34227,8
16035,532,34227,8
16037,533,34227,8
16039,534,34227,8
16041,535,34227,8
16043,536,34227,8
16049,537,34227,8
16059,538,34227,8
16061,539,34227,8
16063,540,34227,8
16069,541,34227,8
16073,542,52705,7
16077,543,34227,8
16079,544,34227,8
16083,545,34227,8
16085,546,34227,8
16017,547,34227,8
16019,548,34227,8
16027,549,34227,8
16031,550,34227,8
16033,551,34227,8
16045,552,34227,8
16047,553,34227,8
16051,554,34227,8
16053,555,34227,8
16055,556,34227,8
16057,557,34227,8
16065,558,34227,8
16067,559,34227,8
16071,560,34227,8
17051,561,20325,10
17053,562,20325,10
17055,563,20325,10
17057,564,20325,10
17061,565,20325,10
17063,566,20325,10
17003,567,32217,11
17005,568,20325,10
17017,569,20325,10
17023,570,32217,11
17027,571,20325,10
17031,572,20325,10
17043,573,20325,10
17059,574,20325,10
17079,575,32217,11
17097,576,20325,10
17101,577,32217,11
17123,578,20325,10
17125,579,20325,10
17129,580,20325,10
17147,581,20325,10
17153,582,32217,11
17161,583,20325,10
17165,584,20325,10
17181,585,32217,11
17185,586,20325,10
17189,587,20325,10
17197,588,20325,10
17001,589,20325,10
17007,590,20325,10
17009,591,20325,10
17011,592,20325,10
17013,593,20325,10
17015,594,20325,10
17019,595,20325,10
17021,596,20325,10
17025,597,20325,10
17029,598,32217,11
17033,599,32217,11
17035,600,32217,11
17037,601,20325,10
17039,602,20325,10
17041,603,32217,11
17045,604,32217,11
17047,605,20325,10
17049,606,20325,10
17103,607,20325,10
17105,608,20325,10
17107,609,20325,10
17109,610,20325,10
17111,611,20325,10
17113,612,20325,10
17115,613,20325,10
17065,614,20325,10
17067,615,20325,10
17069,616,32217,11
17071,617,20325,10
17073,618,20325,10
17075,619,20325,10
17077,620,32217,11
17081,621,20325,10
17083,622,20325,10
17085,623,20325,10
17087,624,32217,11
17089,625,20325,10
17091,626,20325,10
17093,627,20325,10
17095,628,20325,10
17099,629,20325,10
17163,630,20325,10
17167,631,20325,10
17169,632,20325,10
17171,633,20325,10
17173,634,20325,10
17117,635,20325,10
17119,636,20325,10
17121,637,20325,10
17127,638,32217,11
17131,639,20325,10
17133,640,20325,10
17135,641,20325,10
17137,642,20325,10
17139,643,20325,10
17141,644,20325,10
17143,645,20325,10
17145,646,20325,10
17149,647,20325,10
17151,648,32217,11
17155,649,20325,10
17157,650,20325,10
17159,651,20325,10
17175,652,20325,10
17177,653,20325,10
17179,654,20325,10
17183,655,20325,10
17187,656,20325,10
17191,657,20325,10
17193,658,20325,10
17195,659,20325,10
17199,660,20325,10
17201,661,20325,10
17203,662,20325,10
18025,663,32217,11
18029,664,32217,11
18031,665,32217,11
18035,666,20325,10
18037,667,32217,11
18039,668,20325,10
18041,669,32217,11
18043,670,32217,11
18045,671,32217,11
18047,672,32217,11
18053,673,20325,10
18055,674,32217,11
18057,675,32217,11
18059,676,32217,11
18063,677,32217,11
18065,678,20325,10
18069,679,20325,10
18073,680,20325,10
18075,681,20325,10
18077,682,32217,11
18079,683,32217,11
18081,684,32217,11
18085,685,20325,10
18087,686,20325,10
18001,687,20325,10
18007,688,20325,10
18017,689,20325,10
18027,690,32217,11
18033,691,20325,10
18049,692,20325,10
18051,693,32217,11
18061,694,32217,11
18067,695,20325,10
18071,696,32217,11
18083,697,32217,11
18093,698,32217,11
18107,699,32217,11
18123,700,32217,11
18125,701,32217,11
18131,702,20325,10
18145,703,32217,11
18147,704,32217,11
18161,705,20325,10
18175,706,32217,11
18179,707,20325,10
18181,708,20325,10
18003,709,20325,10
18005,710,32217,11
18009,711,20325,10
18011,712,32217,11
18013,713,32217,11
18015,714,20325,10
18019,715,32217,11
18021,716,32217,11
18023,717,20325,10
18105,718,32217,11
18109,719,32217,11
18111,720,20325,10
18113,721,20325,10
18115,722,32217,11
18117,723,32217,11
18119,724,32217,11
18121,725,32217,11
18127,726,20325,10
18149,727,20325,10
18151,728,20325,10
18153,729,32217,11
18155,730,32217,11
18157,731,20325,10
18159,732,20325,10
18163,733,32217,11
18129,734,32217,11
18133,735,32217,11
18135,736,20325,10
18137,737,32217,11
18139,738,32217,11
18141,739,20325,10
18143,740,32217,11
18089,741,20325,10
18091,742,20325,10
18095,743,20325,10
18097,744,32217,11
18099,745,20325,10
18101,746,32217,11
18103,747,20325,10
18165,748,32217,11
18167,749,32217,11
18169,750,20325,10
18171,751,20325,10
18173,752,32217,11
18177,753,20325,10
18183,754,20325,10
19185,755,20325,10
19187,756,20325,10
19189,757,20325,10
19191,758,20325,10
19193,759,23449,9
19195,760,20325,10
19197,761,20325,10
19003,762,20325,10
19005,763,20325,10
19007,764,20325,10
19039,765,20325,10
19041,766,20325,10
19043,767,20325,10
19047,768,20325,10
19049,769,20325,10
19051,770,20325,10
19053,771,20325,10
19057,772,20325,10
19059,773,23449,9
19061,774,20325,10
19063,775,20325,10
19065,776,20325,10
19069,777,20325,10
19071,778,20325,10
19073,779,20325,10
19075,780,20325,10
19011,781,20325,10
19013,782,20325,10
19015,783,20325,10
19017,784,20325,10
19019,785,20325,10
19023,786,20325,10
19025,787,20325,10
19027,788,20325,10
19029,789,20325,10
19031,790,20325,10
19035,791,20325,10
19037,792,20325,10
19001,793,20325,10
19009,794,20325,10
19021,795,20325,10
19033,796,20325,10
19045,797,20325,10
19055,798,20325,10
19067,799,20325,10
19081,800,20325,10
19099,801,20325,10
19111,802,20325,10
19117,803,20325,10
19131,804,20325,10
19141,805,23449,9
19157,806,20325,10
19163,807,20325,10
19175,808,20325,10
19121,809,20325,10
19123,810,20325,10
19125,811,20325,10
19127,812,20325,10
19129,813,20325,10
19133,814,20325,10
19135,815,20325,10
19137,816,20325,10
19139,817,20325,10
19143,818,23449,9
19145,819,20325,10
19147,820,20325,10
19149,821,23449,9
19151,822,20325,10
19153,823,20325,10
19155,824,20325,10
19077,825,20325,10
19079,826,20325,10
19083,827,20325,10
19085,828,20325,10
19087,829,20325,10
19089,830,20325,10
19091,831,20325,10
19093,832,20325,10
19095,833,20325,10
19097,834,20325,10
19101,835,20325,10
19103,836,20325,10
19105,837,20325,10
19107,838,20325,10
19109,839,20325,10
19113,840,20325,10
19115,841,20325,10
19119,842,23449,9
19159,843,20325,10
19161,844,20325,10
19165,845,20325,10
19167,846,23449,9
19169,847,20325,10
19171,848,20325,10
19173,849,20325,10
19177,850,20325,10
19179,851,20325,10
19181,852,20325,10
19183,853,20325,10
20021,854,20325,10
20023,855,34227,8
20025,856,34227,8
20027,857,20325,10
20029,858,23449,9
20031,859,20325,10
20035,860,20325,10
20037,861,20325,10
20039,862,34227,8
20041,863,20325,10
20043,864,20325,10
20045,865,20325,10
20049,866,20325,10
20051,867,34227,8
20053,868,34227,8
20057,869,34227,8
20059,870,20325,10
20061,871,20325,10
20063,872,34227,8
20065,873,34227,8
20069,874,34227,8
20071,875,34227,8
20073,876,20325,10
20075,877,52705,7
20077,878,34227,8
20079,879,23449,9
20083,880,34227,8
20085,881,20325,10
20001,882,20325,10
20003,883,20325,10
20017,884,20325,10
20033,885,34227,8
20047,886,34227,8
20055,887,34227,8
20067,888,34227,8
20081,889,34227,8
20093,890,34227,8
20097,891,34227,8
20113,892,23449,9
20129,893,34227,8
20143,894,23449,9
20149,895,20325,10
20161,896,20325,10
20165,897,34227,8
20171,898,34227,8
20185,899,34227,8
20187,900,52705,7
20189,901,34227,8
20193,902,34227,8
20203,903,34227,8
20005,904,20325,10
20007,905,34227,8
20009,906,34227,8
20011,907,20325,10
20013,908,20325,10
20015,909,20325,10
20019,910,20325,10
20087,911,20325,10
20089,912,23449,9
20091,913,20325,10
20095,914,34227,8
20099,915,20325,10
20101,916,34227,8
20103,917,20325,10
20105,918,34227,8
20157,919,23449,9
20159,920,34227,8
20163,921,34227,8
20167,922,34227,8
20169,923,23449,9
20173,924,23449,9
20175,925,34227,8
20177,926,20325,10
20179,927,34227,8
20107,928,20325,10
20109,929,34227,8
20111,930,20325,10
20115,931,20325,10
20117,932,20325,10
20119,933,34227,8
20121,934,20325,10
20123,935,34227,8
20125,936,20325,10
20127,937,20325,10
20131,938,20325,10
20133,939,20325,10
20135,940,34227,8
20137,941,34227,8
20139,942,20325,10
20141,943,34227,8
20145,944,34227,8
20147,945,34227,8
20151,946,34227,8
20153,947,34227,8
20155,948,34227,8
20181,949,34227,8
20183,950,34227,8
20191,951,23449,9
20195,952,34227,8
20197,953,20325,10
20199,954,34227,8
20201,955,20325,10
20205,956,20325,10
20207,957,20325,10
20209,958,20325,10
21183,959,32217,11
21185,960,32217,11
21187,961,32217,11
21189,962,32217,11
21191,963,32217,11
21193,964,32217,11
21195,965,32217,11
21197,966,32217,11
21199,967,32217,11
21201,968,32217,11
21203,969,32217,11
21205,970,32217,11
21209,971,32217,11
21213,972,32217,11
21217,973,32217,11
21229,974,32217,11
21235,975,32217,11
21237,976,32217,11
21239,977,32217,11
21207,978,32217,11
21211,979,32217,11
21215,980,32217,11
21219,981,32217,11
21221,982,32217,11
21223,983,32217,11
21225,984,32217,11
21227,985,32217,11
21231,986,32217,11
21233,987,32217,11
21007,988,32217,11
21009,989,32217,11
21015,990,32217,11
21019,991,32217,11
21021,992,32217,11
21023,993,32217,11
21001,994,32217,11
21003,995,32217,11
21005,996,32217,11
21013,997,32217,11
21017,998,32217,11
21025,999,32217,11
21027,1000,32217,11
21029,1001,32217,11
21031,1002,32217,11
21033,1003,32217,11
21043,1004,32217,11
21049,1005,32217,11
21051,1006,32217,11
21055,1007,32217,11
21059,1008,32217,11
21061,1009,32217,11
21067,1010,32217,11
21071,1011,32217,11
21079,1012,32217,11
21085,1013,32217,11
21089,1014,32217,11
21093,1015,32217,11
21095,1016,32217,11
21097,1017,32217,11
21101,1018,32217,11
21107,1019,32217,11
21109,1020,32217,11
21115,1021,32217,11
21119,1022,32217,11
21121,1023,32217,11
21123,1024,32217,11
21125,1025,32217,11
21131,1026,32217,11
21133,1027,32217,11
21135,1028,32217,11
21139,1029,32217,11
21151,1030,32217,11
21153,1031,32217,11
21155,1032,32217,11
21165,1033,32217,11
21167,1034,32217,11
21169,1035,32217,11
21175,1036,32217,11
21177,1037,32217,11
21179,1038,32217,11
21035,1039,32217,11
21037,1040,32217,11
21039,1041,32217,11
21041,1042,32217,11
21045,1043,32217,11
21047,1044,32217,11
21087,1045,32217,11
21091,1046,32217,11
21099,1047,32217,11
21103,1048,32217,11
21105,1049,32217,11
21111,1050,32217,11
21113,1051,32217,11
21117,1052,32217,11
21053,1053,32217,11
21057,1054,32217,11
21063,1055,32217,11
21069,1056,32217,11
21073,1057,32217,11
21075,1058,32217,11
21077,1059,32217,11
21081,1060,32217,11
21083,1061,32217,11
21129,1062,32217,11
21137,1063,32217,11
21141,1064,32217,11
21143,1065,32217,11
21145,1066,32217,11
21147,1067,32217,11
21149,1068,32217,11
21159,1069,32217,11
21011,1070,32217,11
21157,1071,32217,11
21161,1072,32217,11
21163,1073,32217,11
21171,1074,32217,11
21173,1075,32217,11
21181,1076,32217,11
21065,1077,32217,11
21127,1078,32217,11
22047,1079,35471,12
22049,1080,35471,12
22059,1081,35471,12
22061,1082,35471,12
22069,1083,35471,12
22073,1084,35471,12
22079,1085,35471,12
22083,1086,35471,12
22087,1087,NA,NA
22089,1088,35471,12
22093,1089,35471,12
22095,1090,35471,12
22101,1091,35471,12
22115,1092,35471,12
22121,1093,35471,12
22125,1094,35471,12
22021,1095,35471,12
22075,1096,NA,NA
22119,1097,35471,12
22001,1098,35471,12
22003,1099,35471,12
22005,1100,35471,12
22007,1101,35471,12
22009,1102,35471,12
22013,1103,35471,12
22015,1104,35471,12
22017,1105,35471,12
22025,1106,35471,12
22029,1107,35471,12
22031,1108,35471,12
22033,1109,35471,12
22035,1110,35471,12
22037,1111,35471,12
22039,1112,35471,12
22041,1113,35471,12
22045,1114,35471,12
22051,1115,35471,12
22053,1116,35471,12
22055,1117,35471,12
22057,1118,35471,12
22063,1119,35471,12
22065,1120,35471,12
22067,1121,35471,12
22071,1122,35471,12
22077,1123,35471,12
22081,1124,35471,12
22085,1125,35471,12
22091,1126,35471,12
22097,1127,35471,12
22099,1128,35471,12
22103,1129,35471,12
22105,1130,35471,12
22107,1131,35471,12
22109,1132,NA,NA
22111,1133,35471,12
22113,1134,35471,12
22117,1135,35471,12
22123,1136,35471,12
22127,1137,35471,12
22011,1138,35471,12
22019,1139,35471,12
22023,1140,NA,NA
22027,1141,35471,12
22043,1142,35471,12
23001,1143,20325,10
23003,1144,23449,9
23005,1145,20325,10
23007,1146,23449,9
23009,1147,20325,10
23011,1148,20325,10
23013,1149,20325,10
23015,1150,20325,10
23017,1151,20325,10
23019,1152,20325,10
23021,1153,NA,NA
23023,1154,NA,NA
23025,1155,23449,9
23027,1156,20325,10
23029,1157,20325,10
23031,1158,20325,10
24001,1159,20325,10
24003,1160,32217,11
24005,1161,32217,11
24009,1162,32217,11
24011,1163,32217,11
24013,1164,20325,10
24015,1165,NA,NA
24017,1166,32217,11
24019,1167,32217,11
24021,1168,20325,10
24023,1169,20325,10
24025,1170,32217,11
24027,1171,32217,11
24029,1172,32217,11
24031,1173,32217,11
24033,1174,32217,11
24035,1175,32217,11
24037,1176,32217,11
24039,1177,32217,11
24041,1178,NA,NA
24043,1179,20325,10
24045,1180,32217,11
24047,1181,32217,11
24510,1182,32217,11
25001,1183,20325,10
25003,1184,20325,10
25005,1185,NA,NA
25007,1186,20325,10
25009,1187,20325,10
25011,1188,20325,10
25013,1189,20325,10
25015,1190,20325,10
25017,1191,20325,10
25019,1192,32217,11
25021,1193,20325,10
25023,1194,20325,10
25025,1195,NA,NA
25027,1196,20325,10
26067,1197,20325,10
26069,1198,23449,9
26071,1199,20325,10
26075,1200,20325,10
26077,1201,20325,10
26079,1202,23449,9
26001,1203,23449,9
26003,1204,20325,10
26007,1205,23449,9
26013,1206,23449,9
26017,1207,23449,9
26029,1208,23449,9
26033,1209,23449,9
26039,1210,23449,9
26041,1211,20325,10
26047,1212,23449,9
26055,1213,23449,9
26061,1214,20325,10
26063,1215,20325,10
26073,1216,23449,9
26083,1217,NA,NA
26089,1218,NA,NA
26097,1219,23449,9
26099,1220,20325,10
26103,1221,23449,9
26107,1222,23449,9
26109,1223,20325,10
26115,1224,20325,10
26129,1225,23449,9
26135,1226,23449,9
26141,1227,23449,9
26147,1228,20325,10
26163,1229,20325,10
26165,1230,23449,9
26005,1231,20325,10
26009,1232,23449,9
26011,1233,23449,9
26015,1234,20325,10
26019,1235,23449,9
26021,1236,20325,10
26023,1237,20325,10
26025,1238,20325,10
26027,1239,20325,10
26031,1240,23449,9
26035,1241,23449,9
26037,1242,20325,10
26043,1243,20325,10
26045,1244,20325,10
26049,1245,20325,10
26051,1246,23449,9
26057,1247,23449,9
26059,1248,20325,10
26065,1249,20325,10
26139,1250,20325,10
26143,1251,23449,9
26145,1252,23449,9
26149,1253,20325,10
26151,1254,20325,10
26153,1255,23449,9
26081,1256,20325,10
26085,1257,23449,9
26087,1258,20325,10
26091,1259,20325,10
26093,1260,20325,10
26095,1261,23449,9
26101,1262,23449,9
26105,1263,23449,9
26111,1264,23449,9
26113,1265,23449,9
26117,1266,23449,9
26119,1267,23449,9
26121,1268,23449,9
26123,1269,23449,9
26125,1270,20325,10
26127,1271,23449,9
26131,1272,20325,10
26133,1273,23449,9
26137,1274,23449,9
26155,1275,20325,10
26157,1276,20325,10
26159,1277,20325,10
26161,1278,20325,10
26053,1279,20325,10
27055,1280,20325,10
27057,1281,23449,9
27059,1282,23449,9
27063,1283,23449,9
27065,1284,23449,9
27067,1285,23449,9
27071,1286,20325,10
27001,1287,20325,10
27013,1288,20325,10
27015,1289,23449,9
27021,1290,20325,10
27023,1291,23449,9
27027,1292,34227,8
27031,1293,23449,9
27033,1294,23449,9
27051,1295,23449,9
27053,1296,23449,9
27061,1297,20325,10
27069,1298,23449,9
27073,1299,34227,8
27075,1300,23449,9
27077,1301,23449,9
27083,1302,23449,9
27089,1303,23449,9
27097,1304,23449,9
27103,1305,23449,9
27107,1306,34227,8
27113,1307,23449,9
27119,1308,23449,9
27125,1309,23449,9
27127,1310,23449,9
27129,1311,23449,9
27137,1312,20325,10
27139,1313,23449,9
27145,1314,23449,9
27163,1315,20325,10
27167,1316,34227,8
27171,1317,23449,9
27173,1318,23449,9
27003,1319,23449,9
27005,1320,23449,9
27007,1321,NA,NA
27009,1322,23449,9
27011,1323,34227,8
27017,1324,20325,10
27019,1325,23449,9
27025,1326,20325,10
27029,1327,23449,9
27035,1328,23449,9
27037,1329,20325,10
27039,1330,20325,10
27041,1331,23449,9
27043,1332,20325,10
27045,1333,20325,10
27047,1334,20325,10
27049,1335,20325,10
27147,1336,20325,10
27149,1337,23449,9
27151,1338,23449,9
27153,1339,23449,9
27155,1340,34227,8
27157,1341,20325,10
27159,1342,23449,9
27165,1343,23449,9
27079,1344,20325,10
27081,1345,23449,9
27085,1346,23449,9
27087,1347,23449,9
27091,1348,23449,9
27093,1349,23449,9
27095,1350,23449,9
27099,1351,20325,10
27101,1352,23449,9
27105,1353,23449,9
27109,1354,20325,10
27111,1355,NA,NA
27115,1356,20325,10
27117,1357,23449,9
27121,1358,23449,9
27123,1359,20325,10
27131,1360,20325,10
27133,1361,23449,9
27135,1362,23449,9
27141,1363,23449,9
27143,1364,23449,9
27169,1365,20325,10
27161,1366,20325,10
28027,1367,32217,11
28029,1368,35471,12
28031,1369,35471,12
28035,1370,35471,12
28037,1371,35471,12
28041,1372,35471,12
28043,1373,35471,12
28045,1374,35471,12
28047,1375,35471,12
28057,1376,35471,12
28059,1377,35471,12
28061,1378,35471,12
28063,1379,35471,12
28065,1380,35471,12
28069,1381,35471,12
28071,1382,32217,11
28073,1383,35471,12
28075,1384,35471,12
28077,1385,35471,12
28001,1386,35471,12
28003,1387,32217,11
28007,1388,35471,12
28009,1389,32217,11
28011,1390,32217,11
28017,1391,32217,11
28021,1392,35471,12
28033,1393,32217,11
28039,1394,35471,12
28049,1395,35471,12
28051,1396,35471,12
28053,1397,35471,12
28055,1398,35471,12
28067,1399,35471,12
28083,1400,35471,12
28087,1401,35471,12
28089,1402,35471,12
28099,1403,35471,12
28109,1404,35471,12
28121,1405,35471,12
28137,1406,32217,11
28143,1407,32217,11
28149,1408,35471,12
28151,1409,35471,12
28157,1410,35471,12
28159,1411,35471,12
28163,1412,35471,12
28005,1413,35471,12
28013,1414,32217,11
28015,1415,35471,12
28019,1416,35471,12
28023,1417,35471,12
28025,1418,35471,12
28097,1419,35471,12
28101,1420,35471,12
28103,1421,35471,12
28105,1422,35471,12
28107,1423,32217,11
28111,1424,35471,12
28113,1425,35471,12
28115,1426,32217,11
28117,1427,32217,11
28119,1428,32217,11
28123,1429,35471,12
28145,1430,32217,11
28147,1431,35471,12
28153,1432,35471,12
28155,1433,35471,12
28161,1434,32217,11
28129,1435,35471,12
28125,1436,35471,12
28127,1437,35471,12
28131,1438,35471,12
28133,1439,35471,12
28135,1440,32217,11
28139,1441,32217,11
28141,1442,32217,11
28079,1443,35471,12
28081,1444,32217,11
28085,1445,35471,12
28091,1446,35471,12
28093,1447,32217,11
28095,1448,35471,12
29053,1449,20325,10
29055,1450,20325,10
29059,1451,20325,10
29061,1452,20325,10
29063,1453,20325,10
29065,1454,20325,10
29067,1455,20325,10
29071,1456,20325,10
29001,1457,20325,10
29013,1458,20325,10
29017,1459,20325,10
29023,1460,20325,10
29027,1461,20325,10
29029,1462,20325,10
29031,1463,32217,11
29033,1464,20325,10
29041,1465,20325,10
29057,1466,20325,10
29069,1467,32217,11
29075,1468,20325,10
29087,1469,20325,10
29095,1470,20325,10
29099,1471,20325,10
29103,1472,20325,10
29115,1473,20325,10
29137,1474,20325,10
29143,1475,32217,11
29157,1476,20325,10
29167,1477,20325,10
29171,1478,20325,10
29183,1479,20325,10
29185,1480,20325,10
29189,1481,20325,10
29195,1482,20325,10
29199,1483,20325,10
29207,1484,20325,10
29225,1485,20325,10
29003,1486,20325,10
29005,1487,20325,10
29007,1488,20325,10
29009,1489,20325,10
29011,1490,20325,10
29015,1491,20325,10
29019,1492,20325,10
29021,1493,20325,10
29025,1494,20325,10
29035,1495,20325,10
29037,1496,20325,10
29039,1497,20325,10
29043,1498,20325,10
29045,1499,20325,10
29047,1500,20325,10
29049,1501,20325,10
29051,1502,20325,10
29127,1503,20325,10
29129,1504,20325,10
29131,1505,20325,10
29133,1506,32217,11
29135,1507,20325,10
29139,1508,20325,10
29073,1509,20325,10
29077,1510,20325,10
29079,1511,20325,10
29081,1512,20325,10
29083,1513,20325,10
29085,1514,20325,10
29089,1515,20325,10
29091,1516,20325,10
29093,1517,20325,10
29097,1518,20325,10
29101,1519,20325,10
29105,1520,20325,10
29107,1521,20325,10
29109,1522,20325,10
29111,1523,20325,10
29113,1524,20325,10
29117,1525,20325,10
29119,1526,32217,11
29121,1527,20325,10
29123,1528,20325,10
29125,1529,20325,10
29197,1530,20325,10
29201,1531,32217,11
29203,1532,20325,10
29205,1533,20325,10
29209,1534,20325,10
29211,1535,20325,10
29213,1536,20325,10
29215,1537,20325,10
29141,1538,20325,10
29145,1539,20325,10
29147,1540,20325,10
29149,1541,20325,10
29151,1542,20325,10
29153,1543,20325,10
29155,1544,32217,11
29159,1545,20325,10
29161,1546,20325,10
29163,1547,20325,10
29165,1548,32217,11
29169,1549,20325,10
29173,1550,20325,10
29175,1551,20325,10
29177,1552,20325,10
29179,1553,20325,10
29181,1554,20325,10
29186,1555,20325,10
29187,1556,20325,10
29510,1557,20325,10
29217,1558,20325,10
29219,1559,20325,10
29221,1560,20325,10
29223,1561,20325,10
29227,1562,20325,10
29229,1563,20325,10
30001,1564,34227,8
30003,1565,34227,8
30005,1566,34227,8
30007,1567,34227,8
30009,1568,34227,8
30011,1569,34227,8
30013,1570,34227,8
30015,1571,34227,8
30017,1572,34227,8
30019,1573,34227,8
30021,1574,34227,8
30023,1575,34227,8
30027,1576,34227,8
30029,1577,1215,14
30031,1578,34227,8
30033,1579,34227,8
30035,1580,34227,8
30039,1581,34227,8
30043,1582,34227,8
30045,1583,34227,8
30047,1584,34227,8
30049,1585,34227,8
30053,1586,34227,8
30055,1587,34227,8
30057,1588,34227,8
30059,1589,34227,8
30061,1590,34227,8
30069,1591,34227,8
30071,1592,34227,8
30073,1593,34227,8
30077,1594,34227,8
30081,1595,34227,8
30083,1596,34227,8
30085,1597,34227,8
30089,1598,34227,8
30093,1599,34227,8
30099,1600,34227,8
30105,1601,34227,8
30091,1602,34227,8
30095,1603,34227,8
30097,1604,34227,8
30101,1605,34227,8
30103,1606,34227,8
30107,1607,34227,8
30109,1608,34227,8
30111,1609,34227,8
30025,1610,34227,8
30037,1611,34227,8
30041,1612,34227,8
30051,1613,34227,8
30063,1614,1215,14
30065,1615,34227,8
30067,1616,34227,8
30075,1617,34227,8
30079,1618,34227,8
30087,1619,34227,8
31051,1620,34227,8
31053,1621,20325,10
31055,1622,20325,10
31057,1623,34227,8
31059,1624,23449,9
31063,1625,34227,8
31065,1626,34227,8
31001,1627,23449,9
31029,1628,34227,8
31033,1629,34227,8
31049,1630,34227,8
31061,1631,34227,8
31075,1632,34227,8
31091,1633,34227,8
31101,1634,34227,8
31113,1635,34227,8
31125,1636,23449,9
31151,1637,23449,9
31163,1638,34227,8
31171,1639,34227,8
31003,1640,34227,8
31005,1641,34227,8
31007,1642,34227,8
31009,1643,34227,8
31011,1644,34227,8
31013,1645,34227,8
31015,1646,34227,8
31017,1647,34227,8
31019,1648,34227,8
31021,1649,20325,10
31023,1650,23449,9
31025,1651,20325,10
31027,1652,34227,8
31031,1653,34227,8
31035,1654,23449,9
31037,1655,23449,9
31039,1656,23449,9
31041,1657,34227,8
31043,1658,23449,9
31045,1659,34227,8
31047,1660,34227,8
31103,1661,34227,8
31105,1662,34227,8
31107,1663,34227,8
31109,1664,20325,10
31111,1665,34227,8
31115,1666,34227,8
31117,1667,34227,8
31119,1668,34227,8
31121,1669,23449,9
31123,1670,34227,8
31127,1671,20325,10
31129,1672,23449,9
31131,1673,20325,10
31133,1674,20325,10
31067,1675,20325,10
31069,1676,34227,8
31071,1677,34227,8
31073,1678,34227,8
31077,1679,34227,8
31079,1680,34227,8
31081,1681,23449,9
31083,1682,34227,8
31085,1683,34227,8
31087,1684,34227,8
31089,1685,34227,8
31093,1686,34227,8
31095,1687,23449,9
31097,1688,20325,10
31099,1689,34227,8
31165,1690,34227,8
31167,1691,23449,9
31169,1692,23449,9
31173,1693,23449,9
31175,1694,34227,8
31177,1695,20325,10
31179,1696,34227,8
31181,1697,23449,9
31183,1698,34227,8
31185,1699,23449,9
31135,1700,34227,8
31137,1701,34227,8
31139,1702,34227,8
31141,1703,23449,9
31143,1704,23449,9
31145,1705,34227,8
31147,1706,20325,10
31149,1707,34227,8
31153,1708,20325,10
31155,1709,20325,10
31157,1710,34227,8
31159,1711,23449,9
31161,1712,34227,8
32001,1713,52705,7
32003,1714,52705,7
32005,1715,52705,7
32007,1716,52705,7
32009,1717,52705,7
32011,1718,34227,8
32013,1719,52705,7
32015,1720,34227,8
32017,1721,52705,7
32019,1722,52705,7
32031,1723,34227,8
32033,1724,52705,7
32021,1725,52705,7
32023,1726,52705,7
32027,1727,52705,7
32029,1728,52705,7
32510,1729,52705,7
33001,1730,20325,10
33003,1731,20325,10
33005,1732,20325,10
33007,1733,20325,10
33009,1734,20325,10
33011,1735,20325,10
33013,1736,20325,10
33019,1737,20325,10
33017,1738,20325,10
33015,1739,20325,10
34001,1740,32217,11
34003,1741,20325,10
34005,1742,32217,11
34007,1743,32217,11
34009,1744,32217,11
34011,1745,32217,11
34013,1746,32217,11
34015,1747,32217,11
34017,1748,32217,11
34019,1749,32217,11
34021,1750,32217,11
34023,1751,32217,11
34025,1752,32217,11
34027,1753,20325,10
34029,1754,32217,11
34031,1755,32217,11
34033,1756,32217,11
34035,1757,32217,11
34037,1758,20325,10
34039,1759,32217,11
34041,1760,20325,10
35013,1761,52705,7
35019,1762,52705,7
35023,1763,34227,8
35025,1764,52705,7
35027,1765,52705,7
35028,1766,34227,8
35031,1767,34227,8
35035,1768,52705,7
35037,1769,52705,7
35041,1770,52705,7
35047,1771,52705,7
35049,1772,34227,8
35053,1773,52705,7
35057,1774,34227,8
35059,1775,52705,7
35061,1776,52705,7
35001,1777,52705,7
35003,1778,52705,7
35005,1779,52705,7
35006,1780,52705,7
35007,1781,34227,8
35009,1782,52705,7
35011,1783,52705,7
35015,1784,52705,7
35017,1785,52705,7
35021,1786,52705,7
35029,1787,52705,7
35033,1788,34227,8
35039,1789,34227,8
35043,1790,34227,8
35045,1791,52705,7
35051,1792,52705,7
35055,1793,34227,8
36001,1794,20325,10
36003,1795,20325,10
36005,1796,32217,11
36009,1797,20325,10
36011,1798,20325,10
36013,1799,20325,10
36017,1800,20325,10
36025,1801,20325,10
36031,1802,23449,9
36041,1803,23449,9
36045,1804,20325,10
36051,1805,20325,10
36053,1806,20325,10
36059,1807,32217,11
36063,1808,20325,10
36065,1809,20325,10
36067,1810,20325,10
36071,1811,20325,10
36075,1812,20325,10
36077,1813,20325,10
36081,1814,32217,11
36091,1815,20325,10
36103,1816,32217,11
36105,1817,20325,10
36113,1818,20325,10
36115,1819,20325,10
36119,1820,20325,10
36123,1821,20325,10
36069,1822,20325,10
36073,1823,20325,10
36079,1824,20325,10
36083,1825,20325,10
36007,1826,20325,10
36015,1827,20325,10
36019,1828,20325,10
36021,1829,20325,10
36023,1830,20325,10
36027,1831,20325,10
36033,1832,20325,10
36035,1833,20325,10
36037,1834,20325,10
36039,1835,20325,10
36043,1836,20325,10
36047,1837,32217,11
36049,1838,20325,10
36055,1839,20325,10
36057,1840,20325,10
36061,1841,NA,NA
36085,1842,NA,NA
36087,1843,20325,10
36089,1844,20325,10
36093,1845,20325,10
36095,1846,20325,10
36097,1847,20325,10
36099,1848,20325,10
36101,1849,20325,10
36107,1850,20325,10
36109,1851,20325,10
36117,1852,20325,10
36121,1853,20325,10
36029,1854,20325,10
36111,1855,20325,10
37041,1856,35471,12
37043,1857,32217,11
37045,1858,35471,12
37059,1859,32217,11
37063,1860,35471,12
37067,1861,32217,11
37069,1862,32217,11
37071,1863,35471,12
37001,1864,32217,11
37009,1865,32217,11
37013,1866,NA,NA
37015,1867,35471,12
37017,1868,35471,12
37019,1869,35471,12
37021,1870,32217,11
37031,1871,35471,12
37039,1872,32217,11
37047,1873,35471,12
37049,1874,35471,12
37051,1875,35471,12
37053,1876,35471,12
37055,1877,35471,12
37057,1878,35471,12
37061,1879,35471,12
37065,1880,35471,12
37075,1881,32217,11
37083,1882,32217,11
37085,1883,35471,12
37087,1884,32217,11
37089,1885,32217,11
37093,1886,35471,12
37095,1887,35471,12
37099,1888,32217,11
37101,1889,35471,12
37103,1890,35471,12
37111,1891,35471,12
37113,1892,32217,11
37115,1893,32217,11
37117,1894,35471,12
37119,1895,35471,12
37121,1896,32217,11
37125,1897,35471,12
37127,1898,32217,11
37129,1899,35471,12
37131,1900,32217,11
37133,1901,35471,12
37141,1902,35471,12
37145,1903,32217,11
37147,1904,35471,12
37153,1905,35471,12
37155,1906,35471,12
37161,1907,35471,12
37167,1908,35471,12
37173,1909,32217,11
37175,1910,32217,11
37181,1911,32217,11
37193,1912,32217,11
37199,1913,32217,11
37003,1914,32217,11
37005,1915,32217,11
37007,1916,35471,12
37011,1917,32217,11
37023,1918,35471,12
37025,1919,35471,12
37027,1920,35471,12
37033,1921,32217,11
37035,1922,35471,12
37037,1923,35471,12
37143,1924,35471,12
37149,1925,35471,12
37151,1926,35471,12
37157,1927,32217,11
37159,1928,35471,12
37073,1929,35471,12
37077,1930,32217,11
37079,1931,35471,12
37081,1932,32217,11
37091,1933,35471,12
37097,1934,35471,12
37105,1935,35471,12
37107,1936,35471,12
37109,1937,35471,12
37123,1938,35471,12
37135,1939,32217,11
37137,1940,35471,12
37139,1941,35471,12
37165,1942,35471,12
37169,1943,32217,11
37171,1944,32217,11
37177,1945,35471,12
37179,1946,35471,12
37183,1947,35471,12
37185,1948,32217,11
37187,1949,35471,12
37189,1950,32217,11
37191,1951,35471,12
37195,1952,35471,12
37197,1953,32217,11
37163,1954,35471,12
37029,1955,35471,12
38073,1956,34227,8
38075,1957,34227,8
38079,1958,34227,8
38081,1959,34227,8
38083,1960,34227,8
38087,1961,34227,8
38089,1962,34227,8
38093,1963,34227,8
38095,1964,34227,8
38001,1965,34227,8
38003,1966,34227,8
38005,1967,34227,8
38007,1968,34227,8
38009,1969,34227,8
38011,1970,34227,8
38017,1971,34227,8
38027,1972,34227,8
38035,1973,34227,8
38037,1974,34227,8
38051,1975,34227,8
38053,1976,34227,8
38059,1977,34227,8
38067,1978,34227,8
38071,1979,34227,8
38077,1980,34227,8
38085,1981,34227,8
38091,1982,34227,8
38097,1983,34227,8
38099,1984,34227,8
38105,1985,34227,8
38013,1986,34227,8
38015,1987,34227,8
38019,1988,34227,8
38021,1989,34227,8
38023,1990,34227,8
38025,1991,34227,8
38029,1992,34227,8
38031,1993,34227,8
38033,1994,34227,8
38039,1995,34227,8
38041,1996,34227,8
38043,1997,34227,8
38045,1998,34227,8
38047,1999,34227,8
38049,2000,34227,8
38057,2001,34227,8
38061,2002,34227,8
38063,2003,34227,8
38065,2004,34227,8
38069,2005,34227,8
38101,2006,34227,8
38103,2007,34227,8
38055,2008,34227,8
39029,2009,20325,10
39031,2010,32217,11
39033,2011,20325,10
39037,2012,20325,10
39041,2013,20325,10
39043,2014,20325,10
39045,2015,32217,11
39047,2016,32217,11
39051,2017,20325,10
39053,2018,32217,11
39055,2019,20325,10
39057,2020,32217,11
39063,2021,20325,10
39065,2022,20325,10
39003,2023,20325,10
39019,2024,32217,11
39035,2025,20325,10
39039,2026,20325,10
39049,2027,32217,11
39059,2028,32217,11
39061,2029,32217,11
39079,2030,32217,11
39093,2031,20325,10
39095,2032,20325,10
39101,2033,20325,10
39137,2034,20325,10
39159,2035,20325,10
39175,2036,20325,10
39001,2037,32217,11
39005,2038,20325,10
39007,2039,20325,10
39009,2040,32217,11
39011,2041,20325,10
39013,2042,32217,11
39015,2043,32217,11
39017,2044,32217,11
39021,2045,20325,10
39023,2046,20325,10
39025,2047,32217,11
39027,2048,32217,11
39113,2049,20325,10
39115,2050,32217,11
39117,2051,20325,10
39119,2052,32217,11
39123,2053,20325,10
39125,2054,20325,10
39127,2055,32217,11
39129,2056,32217,11
39131,2057,32217,11
39067,2058,32217,11
39069,2059,20325,10
39071,2060,32217,11
39073,2061,32217,11
39075,2062,20325,10
39077,2063,20325,10
39081,2064,32217,11
39083,2065,32217,11
39085,2066,20325,10
39087,2067,32217,11
39089,2068,32217,11
39091,2069,20325,10
39097,2070,32217,11
39099,2071,20325,10
39103,2072,20325,10
39105,2073,32217,11
39107,2074,20325,10
39109,2075,20325,10
39111,2076,32217,11
39121,2077,32217,11
39133,2078,20325,10
39135,2079,20325,10
39139,2080,20325,10
39141,2081,32217,11
39143,2082,20325,10
39145,2083,32217,11
39147,2084,20325,10
39149,2085,20325,10
39151,2086,32217,11
39153,2087,20325,10
39155,2088,20325,10
39157,2089,32217,11
39161,2090,20325,10
39163,2091,32217,11
39165,2092,32217,11
39167,2093,32217,11
39169,2094,20325,10
39171,2095,20325,10
39173,2096,20325,10
40051,2097,23449,9
40053,2098,23449,9
40055,2099,34227,8
40059,2100,34227,8
40061,2101,32217,11
40001,2102,32217,11
40003,2103,34227,8
40009,2104,34227,8
40013,2105,32217,11
40023,2106,32217,11
40027,2107,20325,10
40039,2108,34227,8
40057,2109,34227,8
40065,2110,34227,8
40075,2111,34227,8
40087,2112,20325,10
40089,2113,32217,11
40095,2114,32217,11
40097,2115,32217,11
40101,2116,32217,11
40113,2117,20325,10
40117,2118,20325,10
40125,2119,20325,10
40133,2120,20325,10
40135,2121,32217,11
40137,2122,23449,9
40141,2123,34227,8
40005,2124,32217,11
40007,2125,34227,8
40011,2126,23449,9
40015,2127,23449,9
40017,2128,23449,9
40019,2129,20325,10
40021,2130,32217,11
40025,2131,52705,7
40029,2132,32217,11
40031,2133,23449,9
40033,2134,23449,9
40035,2135,20325,10
40037,2136,20325,10
40041,2137,32217,11
40043,2138,34227,8
40045,2139,34227,8
40047,2140,23449,9
40049,2141,20325,10
40093,2142,34227,8
40099,2143,20325,10
40103,2144,20325,10
40105,2145,20325,10
40107,2146,20325,10
40109,2147,20325,10
40111,2148,20325,10
40115,2149,20325,10
40119,2150,20325,10
40121,2151,32217,11
40123,2152,20325,10
40127,2153,32217,11
40063,2154,32217,11
40067,2155,23449,9
40069,2156,32217,11
40071,2157,20325,10
40073,2158,23449,9
40077,2159,32217,11
40079,2160,32217,11
40081,2161,20325,10
40083,2162,20325,10
40085,2163,20325,10
40091,2164,20325,10
40129,2165,34227,8
40131,2166,20325,10
40139,2167,34227,8
40143,2168,20325,10
40145,2169,32217,11
40147,2170,20325,10
40149,2171,34227,8
40151,2172,34227,8
40153,2173,34227,8
41059,2174,34227,8
41063,2175,34227,8
41067,2176,20325,10
41069,2177,34227,8
41071,2178,20325,10
41001,2179,34227,8
41003,2180,20325,10
41005,2181,20325,10
41007,2182,20325,10
41009,2183,20325,10
41011,2184,32217,11
41013,2185,34227,8
41015,2186,20325,10
41017,2187,3,13
41019,2188,20325,10
41021,2189,34227,8
41023,2190,34227,8
41025,2191,52705,7
41033,2192,20325,10
41035,2193,34227,8
41039,2194,20325,10
41041,2195,35471,12
41043,2196,20325,10
41047,2197,23449,9
41051,2198,20325,10
41055,2199,34227,8
41061,2200,34227,8
41065,2201,34227,8
41027,2202,23449,9
41029,2203,23449,9
41031,2204,34227,8
41037,2205,34227,8
41045,2206,34227,8
41049,2207,34227,8
41053,2208,20325,10
41057,2209,32217,11
42009,2210,32217,11
42011,2211,32217,11
42013,2212,32217,11
42019,2213,20325,10
42021,2214,20325,10
42025,2215,20325,10
42035,2216,20325,10
42037,2217,20325,10
42039,2218,20325,10
42047,2219,20325,10
42053,2220,20325,10
42057,2221,20325,10
42063,2222,20325,10
42065,2223,20325,10
42067,2224,20325,10
42069,2225,20325,10
42073,2226,20325,10
42075,2227,32217,11
42077,2228,32217,11
42079,2229,20325,10
42001,2230,20325,10
42003,2231,32217,11
42005,2232,20325,10
42007,2233,20325,10
42015,2234,20325,10
42017,2235,32217,11
42027,2236,20325,10
42029,2237,32217,11
42031,2238,20325,10
42033,2239,20325,10
42041,2240,20325,10
42043,2241,20325,10
42045,2242,32217,11
42049,2243,20325,10
42051,2244,32217,11
42055,2245,20325,10
42059,2246,32217,11
42061,2247,20325,10
42071,2248,32217,11
42083,2249,20325,10
42089,2250,20325,10
42091,2251,32217,11
42095,2252,32217,11
42097,2253,20325,10
42099,2254,20325,10
42101,2255,32217,11
42103,2256,20325,10
42111,2257,20325,10
42123,2258,20325,10
42125,2259,32217,11
42127,2260,20325,10
42129,2261,32217,11
42133,2262,20325,10
42081,2263,20325,10
42085,2264,20325,10
42087,2265,20325,10
42093,2266,20325,10
42105,2267,20325,10
42107,2268,20325,10
42109,2269,20325,10
42023,2270,20325,10
42113,2271,20325,10
42115,2272,20325,10
42117,2273,20325,10
42119,2274,20325,10
42121,2275,20325,10
42131,2276,20325,10
44001,2277,20325,10
44003,2278,20325,10
44005,2279,NA,NA
44007,2280,20325,10
44009,2281,20325,10
45021,2282,35471,12
45033,2283,35471,12
45037,2284,35471,12
45039,2285,35471,12
45047,2286,35471,12
45055,2287,35471,12
45059,2288,35471,12
45065,2289,35471,12
45069,2290,35471,12
45075,2291,35471,12
45079,2292,35471,12
45081,2293,35471,12
45091,2294,35471,12
45023,2295,35471,12
45001,2296,35471,12
45003,2297,35471,12
45005,2298,35471,12
45007,2299,35471,12
45009,2300,35471,12
45011,2301,35471,12
45013,2302,NA,NA
45015,2303,35471,12
45017,2304,35471,12
45019,2305,35471,12
45025,2306,35471,12
45027,2307,35471,12
45029,2308,35471,12
45031,2309,35471,12
45035,2310,35471,12
45041,2311,35471,12
45043,2312,35471,12
45045,2313,35471,12
45049,2314,35471,12
45051,2315,35471,12
45053,2316,35471,12
45057,2317,35471,12
45061,2318,35471,12
45063,2319,35471,12
45067,2320,35471,12
45071,2321,35471,12
45073,2322,35471,12
45077,2323,35471,12
45083,2324,35471,12
45085,2325,35471,12
45087,2326,35471,12
45089,2327,35471,12
46013,2328,34227,8
46015,2329,34227,8
46019,2330,34227,8
46021,2331,34227,8
46025,2332,34227,8
46027,2333,34227,8
46029,2334,34227,8
46031,2335,34227,8
46033,2336,34227,8
46037,2337,34227,8
46039,2338,23449,9
46043,2339,34227,8
46045,2340,34227,8
46047,2341,34227,8
46049,2342,34227,8
46051,2343,34227,8
46053,2344,34227,8
46059,2345,34227,8
46061,2346,34227,8
46063,2347,34227,8
46065,2348,34227,8
46067,2349,34227,8
46071,2350,34227,8
46073,2351,34227,8
46077,2352,34227,8
46079,2353,34227,8
46081,2354,34227,8
46083,2355,23449,9
46003,2356,34227,8
46005,2357,34227,8
46007,2358,34227,8
46009,2359,34227,8
46011,2360,34227,8
46017,2361,34227,8
46023,2362,34227,8
46035,2363,34227,8
46041,2364,34227,8
46055,2365,34227,8
46069,2366,34227,8
46075,2367,34227,8
46085,2368,34227,8
46093,2369,34227,8
46095,2370,34227,8
46103,2371,34227,8
46111,2372,34227,8
46117,2373,34227,8
46123,2374,34227,8
46125,2375,34227,8
46137,2376,34227,8
46109,2377,34227,8
46113,2378,34227,8
46115,2379,34227,8
46119,2380,34227,8
46121,2381,34227,8
46127,2382,23449,9
46129,2383,34227,8
46135,2384,34227,8
46057,2385,34227,8
46087,2386,34227,8
46089,2387,34227,8
46091,2388,34227,8
46097,2389,34227,8
46099,2390,23449,9
46101,2391,23449,9
46105,2392,34227,8
46107,2393,34227,8
47067,2394,32217,11
47071,2395,32217,11
47075,2396,32217,11
47077,2397,32217,11
47083,2398,32217,11
47001,2399,32217,11
47003,2400,32217,11
47005,2401,32217,11
47009,2402,32217,11
47013,2403,32217,11
47019,2404,32217,11
47021,2405,32217,11
47025,2406,32217,11
47029,2407,32217,11
47031,2408,32217,11
47033,2409,32217,11
47035,2410,32217,11
47037,2411,32217,11
47041,2412,32217,11
47049,2413,32217,11
47053,2414,32217,11
47055,2415,32217,11
47057,2416,32217,11
47059,2417,32217,11
47063,2418,32217,11
47065,2419,35471,12
47069,2420,32217,11
47073,2421,32217,11
47079,2422,32217,11
47081,2423,32217,11
47085,2424,32217,11
47089,2425,32217,11
47091,2426,32217,11
47093,2427,32217,11
47097,2428,32217,11
47105,2429,32217,11
47107,2430,32217,11
47117,2431,32217,11
47119,2432,32217,11
47121,2433,32217,11
47123,2434,32217,11
47127,2435,32217,11
47129,2436,32217,11
47135,2437,32217,11
47141,2438,32217,11
47143,2439,32217,11
47145,2440,32217,11
47149,2441,32217,11
47151,2442,32217,11
47155,2443,32217,11
47159,2444,32217,11
47163,2445,32217,11
47165,2446,32217,11
47167,2447,32217,11
47183,2448,32217,11
47185,2449,32217,11
47187,2450,32217,11
47189,2451,32217,11
47007,2452,32217,11
47011,2453,35471,12
47015,2454,32217,11
47017,2455,32217,11
47023,2456,32217,11
47027,2457,32217,11
47039,2458,32217,11
47043,2459,32217,11
47045,2460,32217,11
47047,2461,32217,11
47051,2462,35471,12
47061,2463,32217,11
47147,2464,32217,11
47153,2465,35471,12
47157,2466,32217,11
47161,2467,32217,11
47087,2468,32217,11
47095,2469,32217,11
47099,2470,32217,11
47101,2471,32217,11
47103,2472,35471,12
47109,2473,32217,11
47111,2474,32217,11
47113,2475,32217,11
47115,2476,32217,11
47125,2477,32217,11
47131,2478,32217,11
47133,2479,32217,11
47137,2480,32217,11
47139,2481,32217,11
47169,2482,32217,11
47171,2483,32217,11
47173,2484,32217,11
47175,2485,32217,11
47177,2486,35471,12
47179,2487,32217,11
47181,2488,32217,11
48185,2489,32217,11
48189,2490,52705,7
48191,2491,34227,8
48199,2492,35471,12
48201,2493,35471,12
48203,2494,35471,12
48211,2495,34227,8
48213,2496,32217,11
48223,2497,32217,11
48225,2498,32217,11
48233,2499,34227,8
48241,2500,35471,12
48243,2501,52705,7
48261,2502,34227,8
48263,2503,34227,8
48269,2504,34227,8
48273,2505,34227,8
48277,2506,32217,11
48287,2507,32217,11
48289,2508,32217,11
48295,2509,34227,8
48301,2510,52705,7
48311,2511,34227,8
48313,2512,32217,11
48321,2513,35471,12
48327,2514,34227,8
48333,2515,34227,8
48339,2516,35471,12
48341,2517,52705,7
48343,2518,35471,12
48347,2519,35471,12
48349,2520,32217,11
48355,2521,34227,8
48217,2522,20325,10
48219,2523,52705,7
48221,2524,23449,9
48227,2525,34227,8
48229,2526,52705,7
48231,2527,32217,11
48235,2528,34227,8
48237,2529,23449,9
48367,2530,23449,9
48371,2531,52705,7
48373,2532,35471,12
48379,2533,32217,11
48383,2534,34227,8
48387,2535,32217,11
48391,2536,20325,10
48405,2537,35471,12
48407,2538,35471,12
48409,2539,23449,9
48411,2540,34227,8
48419,2541,35471,12
48423,2542,32217,11
48425,2543,23449,9
48435,2544,34227,8
48443,2545,52705,7
48447,2546,34227,8
48453,2547,20325,10
48455,2548,35471,12
48457,2549,35471,12
48467,2550,32217,11
48469,2551,32217,11
48473,2552,32217,11
48475,2553,52705,7
48481,2554,32217,11
48491,2555,20325,10
48495,2556,52705,7
48499,2557,32217,11
48507,2558,34227,8
48183,2559,35471,12
48193,2560,23449,9
48195,2561,34227,8
48197,2562,34227,8
48205,2563,52705,7
48207,2564,34227,8
48209,2565,20325,10
48215,2566,34227,8
48001,2567,32217,11
48003,2568,52705,7
48005,2569,35471,12
48007,2570,NA,NA
48011,2571,34227,8
48015,2572,32217,11
48023,2573,34227,8
48025,2574,23449,9
48029,2575,23449,9
48035,2576,20325,10
48037,2577,32217,11
48039,2578,35471,12
48041,2579,32217,11
48051,2580,32217,11
48055,2581,20325,10
48057,2582,32217,11
48063,2583,35471,12
48067,2584,35471,12
48071,2585,35471,12
48073,2586,32217,11
48079,2587,52705,7
48083,2588,34227,8
48091,2589,20325,10
48101,2590,34227,8
48103,2591,52705,7
48105,2592,34227,8
48113,2593,32217,11
48119,2594,32217,11
48125,2595,34227,8
48127,2596,34227,8
48135,2597,52705,7
48153,2598,52705,7
48155,2599,34227,8
48157,2600,35471,12
48161,2601,32217,11
48167,2602,35471,12
48173,2603,34227,8
48175,2604,20325,10
48305,2605,52705,7
48307,2606,34227,8
48309,2607,20325,10
48315,2608,35471,12
48317,2609,34227,8
48319,2610,34227,8
48323,2611,34227,8
48239,2612,32217,11
48245,2613,35471,12
48247,2614,34227,8
48249,2615,34227,8
48251,2616,20325,10
48253,2617,34227,8
48255,2618,23449,9
48257,2619,32217,11
48259,2620,23449,9
48265,2621,34227,8
48267,2622,34227,8
48271,2623,34227,8
48275,2624,34227,8
48279,2625,52705,7
48281,2626,23449,9
48283,2627,34227,8
48285,2628,32217,11
48291,2629,35471,12
48293,2630,32217,11
48297,2631,34227,8
48299,2632,34227,8
48303,2633,52705,7
48403,2634,35471,12
48413,2635,34227,8
48415,2636,34227,8
48417,2637,34227,8
48421,2638,52705,7
48427,2639,34227,8
48429,2640,34227,8
48431,2641,34227,8
48433,2642,34227,8
48437,2643,52705,7
48325,2644,34227,8
48329,2645,52705,7
48331,2646,32217,11
48335,2647,34227,8
48337,2648,23449,9
48345,2649,34227,8
48351,2650,35471,12
48353,2651,34227,8
48357,2652,34227,8
48359,2653,52705,7
48361,2654,35471,12
48363,2655,34227,8
48365,2656,35471,12
48369,2657,52705,7
48375,2658,52705,7
48377,2659,52705,7
48381,2660,52705,7
48385,2661,34227,8
48393,2662,34227,8
48397,2663,32217,11
48399,2664,34227,8
48401,2665,35471,12
48439,2666,20325,10
48441,2667,34227,8
48445,2668,52705,7
48449,2669,35471,12
48451,2670,34227,8
48459,2671,35471,12
48461,2672,52705,7
48463,2673,34227,8
48465,2674,34227,8
48471,2675,35471,12
48497,2676,23449,9
48501,2677,52705,7
48503,2678,34227,8
48505,2679,34227,8
48009,2680,23449,9
48013,2681,34227,8
48017,2682,52705,7
48019,2683,34227,8
48479,2684,34227,8
48483,2685,34227,8
48485,2686,34227,8
48487,2687,34227,8
48489,2688,34227,8
48493,2689,23449,9
48097,2690,32217,11
48099,2691,20325,10
48107,2692,34227,8
48109,2693,52705,7
48111,2694,52705,7
48115,2695,52705,7
48117,2696,52705,7
48121,2697,32217,11
48123,2698,20325,10
48021,2699,32217,11
48027,2700,20325,10
48031,2701,23449,9
48033,2702,34227,8
48043,2703,52705,7
48045,2704,34227,8
48047,2705,34227,8
48049,2706,34227,8
48053,2707,23449,9
48059,2708,34227,8
48065,2709,34227,8
48069,2710,52705,7
48075,2711,34227,8
48077,2712,23449,9
48081,2713,34227,8
48085,2714,32217,11
48087,2715,34227,8
48089,2716,32217,11
48093,2717,34227,8
48095,2718,34227,8
48129,2719,34227,8
48131,2720,34227,8
48133,2721,34227,8
48137,2722,34227,8
48141,2723,52705,7
48143,2724,23449,9
48145,2725,32217,11
48147,2726,32217,11
48149,2727,32217,11
48151,2728,34227,8
48159,2729,35471,12
48163,2730,34227,8
48165,2731,52705,7
48169,2732,34227,8
48171,2733,34227,8
48177,2734,20325,10
48179,2735,34227,8
48181,2736,32217,11
48395,2737,32217,11
48477,2738,32217,11
48139,2739,32217,11
48061,2740,34227,8
48389,2741,52705,7
48187,2742,20325,10
49027,2743,52705,7
49033,2744,34227,8
49037,2745,34227,8
49039,2746,34227,8
49041,2747,34227,8
49053,2748,52705,7
49055,2749,52705,7
49045,2750,34227,8
49001,2751,52705,7
49003,2752,34227,8
49005,2753,1215,14
49007,2754,34227,8
49009,2755,52705,7
49011,2756,NA,NA
49013,2757,34227,8
49015,2758,52705,7
49017,2759,52705,7
49019,2760,52705,7
49021,2761,34227,8
49023,2762,52705,7
49025,2763,34227,8
49029,2764,34227,8
49031,2765,34227,8
49035,2766,34227,8
49043,2767,52705,7
49047,2768,52705,7
49049,2769,34227,8
49051,2770,34227,8
49057,2771,34227,8
50015,2772,20325,10
50017,2773,20325,10
50019,2774,20325,10
50021,2775,20325,10
50023,2776,20325,10
50025,2777,20325,10
50027,2778,20325,10
50001,2779,20325,10
50003,2780,20325,10
50005,2781,20325,10
50007,2782,20325,10
50009,2783,20325,10
50011,2784,20325,10
50013,2785,NA,NA
51021,2786,32217,11
51025,2787,32217,11
51035,2788,32217,11
51043,2789,32217,11
51045,2790,32217,11
51049,2791,32217,11
51065,2792,32217,11
51071,2793,32217,11
51075,2794,32217,11
51077,2795,32217,11
51079,2796,32217,11
51089,2797,32217,11
51099,2798,32217,11
51001,2799,32217,11
51003,2800,32217,11
51005,2801,32217,11
51007,2802,32217,11
51009,2803,32217,11
51015,2804,32217,11
51017,2805,32217,11
51019,2806,32217,11
51023,2807,32217,11
51027,2808,32217,11
51029,2809,32217,11
51031,2810,32217,11
51033,2811,32217,11
51036,2812,32217,11
51037,2813,32217,11
51041,2814,32217,11
51047,2815,32217,11
51051,2816,32217,11
51053,2817,32217,11
51057,2818,32217,11
51059,2819,32217,11
51061,2820,32217,11
51063,2821,32217,11
51067,2822,32217,11
51069,2823,20325,10
51073,2824,32217,11
51081,2825,32217,11
51083,2826,32217,11
51085,2827,32217,11
51087,2828,32217,11
51091,2829,20325,10
51093,2830,32217,11
51095,2831,32217,11
51097,2832,32217,11
51101,2833,32217,11
51107,2834,32217,11
51111,2835,32217,11
51113,2836,32217,11
51117,2837,32217,11
51121,2838,32217,11
51125,2839,32217,11
51127,2840,32217,11
51137,2841,32217,11
51139,2842,32217,11
51141,2843,32217,11
51143,2844,32217,11
51147,2845,32217,11
51161,2846,32217,11
51163,2847,32217,11
51165,2848,32217,11
51167,2849,32217,11
51171,2850,32217,11
51175,2851,32217,11
51177,2852,32217,11
51179,2853,32217,11
51185,2854,32217,11
51191,2855,32217,11
51193,2856,32217,11
51195,2857,32217,11
51570,2858,32217,11
51610,2859,32217,11
51678,2860,32217,11
51720,2861,32217,11
51790,2862,32217,11
51840,2863,20325,10
51105,2864,32217,11
51013,2865,32217,11
51103,2866,32217,11
51109,2867,32217,11
51115,2868,32217,11
51119,2869,NA,NA
51131,2870,NA,NA
51133,2871,32217,11
51135,2872,32217,11
51145,2873,32217,11
51149,2874,32217,11
51155,2875,32217,11
51157,2876,32217,11
51159,2877,32217,11
51169,2878,32217,11
51173,2879,32217,11
51181,2880,32217,11
51183,2881,32217,11
51187,2882,32217,11
51197,2883,32217,11
51199,2884,32217,11
51510,2885,32217,11
51515,2886,32217,11
51520,2887,32217,11
51530,2888,32217,11
51540,2889,32217,11
51550,2890,35471,12
51580,2891,32217,11
51590,2892,32217,11
51595,2893,32217,11
51600,2894,32217,11
51620,2895,32217,11
51630,2896,32217,11
51640,2897,32217,11
51650,2898,32217,11
51660,2899,32217,11
51670,2900,32217,11
51680,2901,32217,11
51683,2902,32217,11
51685,2903,32217,11
51690,2904,32217,11
51700,2905,32217,11
51710,2906,35471,12
51730,2907,32217,11
51735,2908,32217,11
51740,2909,35471,12
51750,2910,32217,11
51760,2911,32217,11
51770,2912,32217,11
51775,2913,32217,11
51800,2914,35471,12
51810,2915,35471,12
51820,2916,32217,11
51830,2917,32217,11
51153,2918,32217,11
51011,2919,32217,11
53001,2920,34227,8
53003,2921,34227,8
53005,2922,34227,8
53007,2923,1215,14
53009,2924,20325,10
53011,2925,20325,10
53013,2926,34227,8
53015,2927,20325,10
53017,2928,34227,8
53019,2929,34227,8
53021,2930,34227,8
53025,2931,34227,8
53027,2932,32217,11
53029,2933,NA,NA
53031,2934,3946,15
53033,2935,20325,10
53035,2936,20325,10
53041,2937,20325,10
53043,2938,34227,8
53047,2939,34227,8
53049,2940,20325,10
53053,2941,20325,10
53055,2942,NA,NA
53057,2943,23449,9
53061,2944,23449,9
53065,2945,34227,8
53067,2946,20325,10
53071,2947,34227,8
53073,2948,3946,15
53075,2949,34227,8
53077,2950,34227,8
53023,2951,34227,8
53039,2952,34227,8
53045,2953,20325,10
53051,2954,34227,8
53059,2955,23449,9
53063,2956,34227,8
53069,2957,32217,11
53037,2958,34227,8
54077,2959,32217,11
54079,2960,32217,11
54089,2961,32217,11
54091,2962,32217,11
54097,2963,32217,11
54001,2964,32217,11
54003,2965,20325,10
54005,2966,32217,11
54007,2967,32217,11
54009,2968,32217,11
54011,2969,32217,11
54013,2970,32217,11
54015,2971,32217,11
54019,2972,32217,11
54021,2973,32217,11
54025,2974,32217,11
54031,2975,32217,11
54033,2976,32217,11
54039,2977,32217,11
54041,2978,32217,11
54043,2979,32217,11
54045,2980,32217,11
54057,2981,32217,11
54059,2982,32217,11
54067,2983,32217,11
54071,2984,32217,11
54075,2985,32217,11
54081,2986,32217,11
54083,2987,32217,11
54085,2988,32217,11
54087,2989,32217,11
54093,2990,20325,10
54095,2991,32217,11
54099,2992,32217,11
54103,2993,32217,11
54109,2994,32217,11
54017,2995,32217,11
54023,2996,32217,11
54027,2997,20325,10
54029,2998,32217,11
54035,2999,32217,11
54037,3000,20325,10
54047,3001,32217,11
54049,3002,32217,11
54051,3003,32217,11
54053,3004,32217,11
54055,3005,32217,11
54061,3006,32217,11
54063,3007,32217,11
54065,3008,20325,10
54069,3009,32217,11
54073,3010,32217,11
54101,3011,32217,11
54105,3012,32217,11
54107,3013,32217,11
55053,3014,20325,10
55055,3015,20325,10
55059,3016,20325,10
55061,3017,23449,9
55063,3018,20325,10
55067,3019,20325,10
55001,3020,20325,10
55003,3021,20325,10
55005,3022,20325,10
55007,3023,20325,10
55009,3024,23449,9
55011,3025,20325,10
55015,3026,20325,10
55029,3027,20325,10
55033,3028,20325,10
55043,3029,20325,10
55057,3030,20325,10
55065,3031,20325,10
55075,3032,20325,10
55083,3033,23449,9
55097,3034,20325,10
55107,3035,20325,10
55111,3036,20325,10
55121,3037,20325,10
55137,3038,23449,9
55013,3039,20325,10
55017,3040,20325,10
55019,3041,20325,10
55021,3042,20325,10
55023,3043,20325,10
55025,3044,20325,10
55027,3045,20325,10
55031,3046,20325,10
55035,3047,20325,10
55037,3048,20325,10
55039,3049,20325,10
55041,3050,20325,10
55045,3051,20325,10
55047,3052,20325,10
55049,3053,20325,10
55051,3054,20325,10
55109,3055,20325,10
55113,3056,20325,10
55115,3057,20325,10
55117,3058,20325,10
55119,3059,20325,10
55123,3060,20325,10
55069,3061,20325,10
55071,3062,23449,9
55073,3063,20325,10
55077,3064,20325,10
55078,3065,20325,10
55079,3066,20325,10
55081,3067,20325,10
55085,3068,20325,10
55087,3069,23449,9
55089,3070,20325,10
55091,3071,20325,10
55093,3072,20325,10
55095,3073,20325,10
55099,3074,20325,10
55101,3075,20325,10
55103,3076,20325,10
55105,3077,20325,10
55125,3078,20325,10
55127,3079,20325,10
55129,3080,20325,10
55131,3081,20325,10
55133,3082,20325,10
55135,3083,23449,9
55139,3084,23449,9
55141,3085,20325,10
56009,3086,34227,8
56001,3087,34227,8
56003,3088,34227,8
56005,3089,34227,8
56007,3090,34227,8
56011,3091,34227,8
56013,3092,52705,7
56015,3093,34227,8
56017,3094,52705,7
56021,3095,34227,8
56029,3096,34227,8
56033,3097,34227,8
56035,3098,1215,14
56039,3099,1215,14
56041,3100,52705,7
56019,3101,34227,8
56023,3102,1215,14
56025,3103,34227,8
56027,3104,34227,8
56031,3105,34227,8
56037,3106,52705,7
56043,3107,52705,7
56045,3108,34227,8
